-- phpMyAdmin SQL Dump
-- version 4.0.10deb1
-- http://www.phpmyadmin.net
--
-- Host: localhost
-- Generation Time: Apr 12, 2016 at 04:39 PM
-- Server version: 5.5.47-0ubuntu0.14.04.1
-- PHP Version: 5.5.9-1ubuntu4.14

SET SQL_MODE = "NO_AUTO_VALUE_ON_ZERO";
SET time_zone = "+00:00";


/*!40101 SET @OLD_CHARACTER_SET_CLIENT=@@CHARACTER_SET_CLIENT */;
/*!40101 SET @OLD_CHARACTER_SET_RESULTS=@@CHARACTER_SET_RESULTS */;
/*!40101 SET @OLD_COLLATION_CONNECTION=@@COLLATION_CONNECTION */;
/*!40101 SET NAMES utf8 */;

--
-- Database: `turkey`
--

-- --------------------------------------------------------

--
-- Table structure for table `exceltable`
--

CREATE TABLE IF NOT EXISTS `exceltable` (
  `column1` text NOT NULL,
  `column2` text NOT NULL,
  `column3` text NOT NULL,
  `column4` text NOT NULL,
  `column5` text NOT NULL,
  `id` int(6) NOT NULL,
  `column7` text NOT NULL,
  `column8` text NOT NULL,
  `column9` text NOT NULL,
  `column10` text NOT NULL,
  `column11` text NOT NULL,
  `column12` text NOT NULL,
  `column13` text NOT NULL,
  `column14` text NOT NULL,
  `column15` text NOT NULL,
  `column16` text NOT NULL,
  `column17` text NOT NULL,
  `column18` text NOT NULL,
  `column19` text NOT NULL,
  `column20` text NOT NULL,
  `column21` text NOT NULL,
  `column22` text NOT NULL,
  `column23` text NOT NULL,
  `column24` text NOT NULL,
  `column25` text NOT NULL,
  `column26` text NOT NULL,
  `column27` text NOT NULL,
  `column28` text NOT NULL,
  `column29` text NOT NULL,
  `column30` text NOT NULL,
  `column31` text NOT NULL,
  `column32` text NOT NULL,
  `column33` text NOT NULL,
  `column34` text NOT NULL,
  `column35` text NOT NULL,
  PRIMARY KEY (`id`)
) ENGINE=InnoDB DEFAULT CHARSET=utf8;

--
-- Dumping data for table `exceltable`
--

INSERT INTO `exceltable` (`column1`, `column2`, `column3`, `column4`, `column5`, `id`, `column7`, `column8`, `column9`, `column10`, `column11`, `column12`, `column13`, `column14`, `column15`, `column16`, `column17`, `column18`, `column19`, `column20`, `column21`, `column22`, `column23`, `column24`, `column25`, `column26`, `column27`, `column28`, `column29`, `column30`, `column31`, `column32`, `column33`, `column34`, `column35`) VALUES
('3', 'DETAY', 'CF', '', '', 140213, '095618', '08/04/2016', '1 - TİTAN JEL', '101276', 'ÜG', 'ORHANGAZİ', 'BEYMER', '', 'T2WTRADE KOZMETİK ÜRÜNLERİ SAN. VE A.Ş.', 'T2WTRADE KOZMETİK ÜRÜNLERİ SAN. VE A.Ş.', '', 'YILMAZ KAPUCU 82', 'İSTANBUL', '', '1', '1', '2.25', 'CAN ALTINEL', '', '11/04/2016', '11:00', '05465914006', 'EVET', 'HAYIR', '', '6097140213045', '1', '3', ''),
('12', 'DETAY', 'BT', '', '', 251081, '092618', '08/04/2016', '1 - TİTAN JEL', '101135', 'ÜG', 'SİRKECİ', 'BEYMER', '', 'T2WTRADE KOZMETİK ÜRÜNLERİ SAN. VE A.Ş.', 'T2WTRADE KOZMETİK ÜRÜNLERİ SAN. VE A.Ş.', '', 'ÜNAL GÜNER 91', 'İSTANBUL', '', '1', '1', '2.25', 'CAN ALTINEL', '', '11/04/2016', '11:00', '05558968981', 'EVET', 'HAYIR', '', '6084251081858', '1', '3', ''),
('8', 'DETAY', 'FH', '', '', 293473, '099615', '08/04/2016', '000027', '100088', 'ÜG', 'BEYMER', 'TERAZİDERE', '', 'T2WTRADE KOZMETİK ÜRÜNLERİ SAN. VE A.Ş.', 'T2WTRADE KOZMETİK ÜRÜNLERİ SAN. VE A.Ş.', '', 'MÜRTEZA ÇİFTÇİ 35', 'İSTANBUL', '', '1', '1', '7.25', '', '', '', '', '05376868535', 'HAYIR', 'EVET', '', '6220293473244', '1', '0', ''),
('28', 'DETAY', 'FH', '', '', 293475, '099615', '08/04/2016', '000031', '100140', 'ÜG', 'BEYMER', 'DEMOKRASİ', '', 'T2WTRADE KOZMETİK ÜRÜNLERİ SAN. VE A.Ş.', 'T2WTRADE KOZMETİK ÜRÜNLERİ SAN. VE A.Ş.', '', 'MUHSİN ÖZ 35', 'ANTALYA', '', '1', '1', '7.25', 'MUHSİN', '', '11/04/2016', '11:00', '05357852325', 'HAYIR', 'EVET', '', '6220293475412', '1', '0', ''),
('7', 'DETAY', 'FH', '', '', 293476, '099615', '08/04/2016', '000026', '100207', 'ÜG', 'BEYMER', 'EVREN', '', 'T2WTRADE KOZMETİK ÜRÜNLERİ SAN. VE A.Ş.', 'T2WTRADE KOZMETİK ÜRÜNLERİ SAN. VE A.Ş.', '', 'FURKAN KARAKURT 35', 'İSTANBUL', '', '1', '1', '7.25', '', '', '', '', '05449474144', 'HAYIR', 'EVET', '', '6220293476206', '1', '0', ''),
('33', 'DETAY', 'FH', '', '', 293477, '099615', '08/04/2016', '000024', '100209', 'ÜG', 'BEYMER', 'GEYVE', '', 'T2WTRADE KOZMETİK ÜRÜNLERİ SAN. VE A.Ş.', 'T2WTRADE KOZMETİK ÜRÜNLERİ SAN. VE A.Ş.', '', 'ABDULLAH AYÖZEN 35', 'SAKARYA', '', '1', '1', '7.25', '', '', '', '', '05436680943', 'HAYIR', 'EVET', '', '6220293477517', '1', '0', ''),
('6', 'DETAY', 'FH', '', '', 293478, '099615', '08/04/2016', '000029', '100237', 'ÜG', 'BEYMER', 'BEYKENT', '', 'T2WTRADE KOZMETİK ÜRÜNLERİ SAN. VE A.Ş.', 'T2WTRADE KOZMETİK ÜRÜNLERİ SAN. VE A.Ş.', '', 'MUSTAFA GÜLDEREN 35', 'İSTANBUL', '', '1', '1', '7.25', '', '', '', '', '05077320732', 'HAYIR', 'EVET', '', '6220293478206', '1', '0', ''),
('32', 'DETAY', 'FH', '', '', 293479, '099615', '08/04/2016', '000025', '100468', 'ÜG', 'BEYMER', 'AYINTAP', '', 'T2WTRADE KOZMETİK ÜRÜNLERİ SAN. VE A.Ş.', 'T2WTRADE KOZMETİK ÜRÜNLERİ SAN. VE A.Ş.', '', 'EROL ÖZGÜR 35', 'GAZİANTEP', '', '1', '1', '9.5', '', '', '', '', '05377062811', 'HAYIR', 'EVET', '', '6220293479321', '1', '0', ''),
('26', 'DETAY', 'FH', '', '', 293480, '099615', '08/04/2016', '000030', '100509', 'ÜG', 'BEYMER', 'BAŞİSKELE', '', 'T2WTRADE KOZMETİK ÜRÜNLERİ SAN. VE A.Ş.', 'T2WTRADE KOZMETİK ÜRÜNLERİ SAN. VE A.Ş.', '', 'ERDAL YILMAZ 35', 'KOCAELİ', '', '1', '1', '7.25', '', '', '', '', '05417204161', 'HAYIR', 'EVET', '', '6220293480307', '1', '0', ''),
('35', 'DETAY', 'FH', '', '', 293481, '099615', '08/04/2016', '000032', '100525', 'ÜG', 'BEYMER', 'MENEMEN', '', 'T2WTRADE KOZMETİK ÜRÜNLERİ SAN. VE A.Ş.', 'T2WTRADE KOZMETİK ÜRÜNLERİ SAN. VE A.Ş.', '', 'HALİL İBRAHİM KOMŞU 35', 'İZMİR', '', '1', '1', '9.5', '', '', '', '', '05071203669', 'HAYIR', 'EVET', '', '6220293481111', '1', '0', ''),
('34', 'DETAY', 'FH', '', '', 293482, '099615', '08/04/2016', '000013', '100563', 'ÜG', 'BEYMER', 'ÖDEMİŞ', '', 'T2WTRADE KOZMETİK ÜRÜNLERİ SAN. VE A.Ş.', 'T2WTRADE KOZMETİK ÜRÜNLERİ SAN. VE A.Ş.', '', 'TAYFUN EMRE 35', 'İZMİR', '', '1', '1', '9.5', 'TAYFUN EMRE', '', '11/04/2016', '17:00', '05356485020', 'HAYIR', 'EVET', '', '6220293482292', '1', '0', ''),
('25', 'DETAY', 'FH', '', '', 293483, '099615', '08/04/2016', '000012', '100571', 'ÜG', 'BEYMER', 'DERİNCE', '', 'T2WTRADE KOZMETİK ÜRÜNLERİ SAN. VE A.Ş.', 'T2WTRADE KOZMETİK ÜRÜNLERİ SAN. VE A.Ş.', '', 'ABDULLAH  ÖZTUNC 35', 'KOCAELİ', '', '1', '1', '7.25', '', '', '', '', '05334918799', 'HAYIR', 'EVET', '', '6220293483623', '1', '0', ''),
('5', 'DETAY', 'FH', '', '', 293484, '099615', '08/04/2016', '000012', '101533', 'ÜG', 'BEYMER', 'METRO', '', 'T2WTRADE KOZMETİK ÜRÜNLERİ SAN. VE A.Ş.', 'T2WTRADE KOZMETİK ÜRÜNLERİ SAN. VE A.Ş.', '', 'EMİN ALTUNTAŞ 96', 'İSTANBUL', '', '1', '1', '9.5', 'EMİN ALTUNTAS', '', '09/04/2016', '10:55', '05352152366', 'HAYIR', 'EVET', '', '6220293484015', '1', '0', ''),
('31', 'DETAY', 'FH', '', '', 293486, '099615', '08/04/2016', '000012', '101693', 'ÜG', 'BEYMER', 'ALİPAŞA', '', 'T2WTRADE KOZMETİK ÜRÜNLERİ SAN. VE A.Ş.', 'T2WTRADE KOZMETİK ÜRÜNLERİ SAN. VE A.Ş.', '', 'ÖZCAN YILMAZ 91', 'TEKİRDAĞ', '', '1', '1', '7.25', '', '', '', '', '05344602582', 'HAYIR', 'EVET', '', '6220293486881', '1', '0', ''),
('4', 'DETAY', 'FH', '', '', 293487, '099615', '08/04/2016', '000017', '101740', 'ÜG', 'BEYMER', 'TRAKYA KURUMSAL', '', 'T2WTRADE KOZMETİK ÜRÜNLERİ SAN. VE A.Ş.', 'T2WTRADE KOZMETİK ÜRÜNLERİ SAN. VE A.Ş.', '', 'RASUL İSMAİL 91', 'İSTANBUL', '', '1', '1', '7.25', 'RASUL İSMAİL', '', '11/04/2016', '17:59', '05360101058', 'HAYIR', 'EVET', '', '6220293487130', '1', '0', ''),
('30', 'DETAY', 'FH', '', '', 293488, '099615', '08/04/2016', '000001', '101744', 'ÜG', 'BEYMER', 'KARABÜK', '', 'T2WTRADE KOZMETİK ÜRÜNLERİ SAN. VE A.Ş.', 'T2WTRADE KOZMETİK ÜRÜNLERİ SAN. VE A.Ş.', '', 'GÜNGÖR BAŞOL 96', 'KARABÜK', '', '1', '1', '9.5', 'GÜNGÖR', '', '09/04/2016', '13:00', '05385642500', 'HAYIR', 'EVET', '', '6220293488876', '1', '0', ''),
('2', 'DETAY', 'FH', '', '', 293489, '099615', '08/04/2016', '000001', '101749', 'ÜG', 'BEYMER', 'SİNCAN', '', 'T2WTRADE KOZMETİK ÜRÜNLERİ SAN. VE A.Ş.', 'T2WTRADE KOZMETİK ÜRÜNLERİ SAN. VE A.Ş.', '', 'SAMET KOÇAK 97', 'ANKARA', '', '1', '1', '7.25', '', '', '', '', '05536092482', 'HAYIR', 'EVET', '', '6220293489532', '1', '0', ''),
('22', 'DETAY', 'FH', '', '', 293491, '099615', '08/04/2016', '000002', '101753', 'ÜG', 'BEYMER', 'ALTINŞEHİR', '', 'T2WTRADE KOZMETİK ÜRÜNLERİ SAN. VE A.Ş.', 'T2WTRADE KOZMETİK ÜRÜNLERİ SAN. VE A.Ş.', '', 'NİHAT INARKAÇ 96', 'İSTANBUL', '', '1', '1', '7.25', '', '', '', '', '05395644515', 'HAYIR', 'EVET', '', '6220293491011', '1', '0', ''),
('23', 'DETAY', 'FH', '', '', 293492, '099615', '08/04/2016', '000003', '101756', 'ÜG', 'BEYMER', 'BİLECİK', '', 'T2WTRADE KOZMETİK ÜRÜNLERİ SAN. VE A.Ş.', 'T2WTRADE KOZMETİK ÜRÜNLERİ SAN. VE A.Ş.', '', 'MESUT UNAL 96', 'BİLECİK', '', '1', '1', '15.01', '', '', '', '', '05443612013', 'HAYIR', 'EVET', '', '6220293492594', '1', '0', ''),
('37', 'DETAY', 'FH', '', '', 293493, '099615', '08/04/2016', '000004', '101760', 'ÜG', 'BEYMER', 'METROPOL', '', 'T2WTRADE KOZMETİK ÜRÜNLERİ SAN. VE A.Ş.', 'T2WTRADE KOZMETİK ÜRÜNLERİ SAN. VE A.Ş.', '', 'MEHMET ALİ ÖZMEN 97', 'MERSİN', '', '1', '1', '7.25', '', '', '', '', '05387450558', 'HAYIR', 'EVET', '', '6220293493609', '1', '0', ''),
('21', 'DETAY', 'FH', '', '', 293494, '099615', '08/04/2016', '000005', '101763', 'ÜG', 'BEYMER', 'LAVİNYA', '', 'T2WTRADE KOZMETİK ÜRÜNLERİ SAN. VE A.Ş.', 'T2WTRADE KOZMETİK ÜRÜNLERİ SAN. VE A.Ş.', '', 'BANU GENÇOĞLU 91', 'İSTANBUL', '', '1', '1', '7.25', 'BANU GENÇOĞLU', '', '11/04/2016', '11:00', '05423224647', 'HAYIR', 'EVET', '', '6220293494388', '1', '0', ''),
('20', 'DETAY', 'FH', '', '', 293495, '099615', '08/04/2016', '000006', '101764', 'ÜG', 'BEYMER', 'KÖYİÇİ', '', 'T2WTRADE KOZMETİK ÜRÜNLERİ SAN. VE A.Ş.', 'T2WTRADE KOZMETİK ÜRÜNLERİ SAN. VE A.Ş.', '', 'VİORİCA GRAJDİAN 91', 'İSTANBUL', '', '1', '1', '7.25', 'VİCORİN AHFF', '', '09/04/2016', '12:13', '05319206518', 'HAYIR', 'EVET', '', '6220293495077', '1', '0', ''),
('19', 'DETAY', 'FH', '', '', 293496, '099615', '08/04/2016', '000014', '97668', 'ÜG', 'BEYMER', 'ŞEKERPINAR', '', 'T2WTRADE KOZMETİK ÜRÜNLERİ SAN. VE A.Ş.', 'T2WTRADE KOZMETİK ÜRÜNLERİ SAN. VE A.Ş.', '', 'ALİ KAVUZKOS 35', 'İSTANBUL', '', '1', '1', '7.25', '', '', '', '', '05365734408', 'HAYIR', 'EVET', '', '6220293496317', '1', '0', ''),
('27', 'DETAY', 'FH', '', '', 293497, '099615', '08/04/2016', '000021', '97963', 'ÜG', 'BEYMER', 'LÜLEBURGAZ', '', 'T2WTRADE KOZMETİK ÜRÜNLERİ SAN. VE A.Ş.', 'T2WTRADE KOZMETİK ÜRÜNLERİ SAN. VE A.Ş.', '', 'FERHAT SEVİNÇ 35', 'KIRKLARELİ', '', '1', '1', '9.5', '', '', '', '', '05415040086', 'HAYIR', 'EVET', '', '6220293497360', '1', '0', ''),
('18', 'DETAY', 'FH', '', '', 293499, '099615', '08/04/2016', '000017', '98719', 'ÜG', 'BEYMER', 'MANOLYA', '', 'T2WTRADE KOZMETİK ÜRÜNLERİ SAN. VE A.Ş.', 'T2WTRADE KOZMETİK ÜRÜNLERİ SAN. VE A.Ş.', '', 'BEHLÜL KARAKAŞLİOĞLU 35', 'İSTANBUL', '', '1', '1', '9.5', '', '', '', '', '05385204631', 'HAYIR', 'EVET', '', '6220293499504', '1', '0', ''),
('17', 'DETAY', 'FH', '', '', 293500, '099615', '08/04/2016', '000016', '98791', 'ÜG', 'BEYMER', 'KÖYİÇİ', '', 'T2WTRADE KOZMETİK ÜRÜNLERİ SAN. VE A.Ş.', 'T2WTRADE KOZMETİK ÜRÜNLERİ SAN. VE A.Ş.', '', 'EMRAH DOĞAN 35', 'İSTANBUL', '', '1', '1', '7.25', '', '', '', '', '05412398978', 'HAYIR', 'EVET', '', '6220293500174', '1', '0', ''),
('15', 'DETAY', 'FH', '', '', 293501, '099615', '08/04/2016', '000020', '98815', 'ÜG', 'BEYMER', 'DENİZKÖŞKLER', '', 'T2WTRADE KOZMETİK ÜRÜNLERİ SAN. VE A.Ş.', 'T2WTRADE KOZMETİK ÜRÜNLERİ SAN. VE A.Ş.', '', 'BÜLENT ÇETİNKAYA 35', 'İSTANBUL', '', '1', '1', '7.25', 'YAVUZ SEDAT', '', '11/04/2016', '09:50', '05357821979', 'HAYIR', 'EVET', '', '6220293501868', '1', '0', ''),
('14', 'DETAY', 'FH', '', '', 293502, '099615', '08/04/2016', '000019', '98842', 'ÜG', 'BEYMER', 'ALİBEYKÖY', '', 'T2WTRADE KOZMETİK ÜRÜNLERİ SAN. VE A.Ş.', 'T2WTRADE KOZMETİK ÜRÜNLERİ SAN. VE A.Ş.', '', 'ERGİN ALGUR 35', 'İSTANBUL', '', '1', '1', '9.5', '', '', '', '', '05373964023', 'HAYIR', 'EVET', '', '6220293502012', '1', '0', ''),
('36', 'DETAY', 'FH', '', '', 293503, '099615', '08/04/2016', '000018', '98857', 'ÜG', 'BEYMER', 'ÇAN', '', 'T2WTRADE KOZMETİK ÜRÜNLERİ SAN. VE A.Ş.', 'T2WTRADE KOZMETİK ÜRÜNLERİ SAN. VE A.Ş.', '', 'MUZAFFER AKGÜN 35', 'ÇANAKKALE', '', '1', '1', '12.76', '', '', '', '', '05446255480', 'HAYIR', 'EVET', '', '6220293503620', '1', '0', ''),
('24', 'DETAY', 'FH', '', '', 293504, '099615', '08/04/2016', '000015', '99598', 'ÜG', 'BEYMER', 'GİRESUN', '', 'T2WTRADE KOZMETİK ÜRÜNLERİ SAN. VE A.Ş.', 'T2WTRADE KOZMETİK ÜRÜNLERİ SAN. VE A.Ş.', '', 'OSMAN CİTAK 35', 'GİRESUN', '', '1', '1', '7.25', '', '', '', '', '05312150008', 'HAYIR', 'EVET', '', '6220293504648', '1', '0', ''),
('29', 'DETAY', 'FH', '', '', 293505, '099615', '08/04/2016', '000028', '99764', 'ÜG', 'BEYMER', 'ŞİRİNYALI', '', 'T2WTRADE KOZMETİK ÜRÜNLERİ SAN. VE A.Ş.', 'T2WTRADE KOZMETİK ÜRÜNLERİ SAN. VE A.Ş.', '', 'SERKAN TAŞ 35', 'ANTALYA', '', '1', '1', '7.25', '', '', '', '', '05320668425', 'HAYIR', 'EVET', '', '6220293505471', '1', '0', ''),
('13', 'DETAY', 'FH', '', '', 293506, '099615', '08/04/2016', '000011', '99838', 'ÜG', 'BEYMER', 'MANOLYA', '', 'T2WTRADE KOZMETİK ÜRÜNLERİ SAN. VE A.Ş.', 'T2WTRADE KOZMETİK ÜRÜNLERİ SAN. VE A.Ş.', '', 'KASİM ERGÜN 35', 'İSTANBUL', '', '1', '1', '9.5', '', '', '', '', '05378431738', 'HAYIR', 'EVET', '', '6220293506337', '1', '0', ''),
('1', 'DETAY', 'FH', '', '', 293507, '099615', '08/04/2016', '000023', '99971', 'ÜG', 'BEYMER', 'PURSAKLAR', '', 'T2WTRADE KOZMETİK ÜRÜNLERİ SAN. VE A.Ş.', 'T2WTRADE KOZMETİK ÜRÜNLERİ SAN. VE A.Ş.', '', 'İBRAHİM ATEŞ 35', 'ANKARA', '', '1', '1', '9.5', 'İBRAHİM ATEŞ', '', '11/04/2016', '11:00', '05337279071', 'HAYIR', 'EVET', '', '6220293507141', '1', '0', ''),
('11', 'DETAY', 'CE', '', '', 303117, '095618', '08/04/2016', '1 - TİTAN JEL', '101507', 'ÜG', 'KORUPARK', 'BEYMER', '', 'T2WTRADE KOZMETİK ÜRÜNLERİ SAN. VE A.Ş.', 'T2WTRADE KOZMETİK ÜRÜNLERİ SAN. VE A.Ş.', '', 'SELÇUK DURMUŞ 82', 'İSTANBUL', '', '1', '1', '2.25', 'CAN ALTINEL', '', '11/04/2016', '11:00', '05458096918', 'EVET', 'HAYIR', '', '6096303117889', '1', '3', ''),
('16', 'DETAY', 'FA', '', '', 367703, '091618', '08/04/2016', '3 - TİTAN JEL', '99076', 'ÜG', 'MERZİFON', 'BEYMER', '', 'T2WTRADE KOZMETİK ÜRÜNLERİ SAN. VE A.Ş.', 'T2WTRADE KOZMETİK ÜRÜNLERİ SAN. VE A.Ş.', '', 'MUSTAFA TAŞCI 97', 'İSTANBUL', '', '1', '1', '2.38', 'CAN ALTINEL', '', '11/04/2016', '11:00', '05419312468', 'EVET', 'HAYIR', '', '6211367703806', '1', '0', ''),
('9', 'DETAY', 'AB', '', '', 475476, '092618', '08/04/2016', '1 - TİTAN JEL', '100974', 'ÜG', 'DAMLATAŞ', 'BEYMER', '', 'T2WTRADE KOZMETİK ÜRÜNLERİ SAN. VE A.Ş.', 'T2WTRADE KOZMETİK ÜRÜNLERİ SAN. VE A.Ş.', '', 'FATİH EMRE 96', 'İSTANBUL', '', '1', '1', '2.25', 'CAN ALTINEL', '', '11/04/2016', '11:00', '05393695855', 'EVET', 'HAYIR', '', '6032475476757', '1', '3', ''),
('10', 'DETAY', 'EY', '', '', 689268, '092611', '08/04/2016', '', '', 'ÜG', 'BULANCAK', 'BEYMER', '', 'T2WTRADE KOZMETİK ÜRÜNLERİ SAN. VE A.Ş.', 'T2WTRADE KOZMETİK ÜRÜNLERİ SAN. VE A.Ş.', '', 'BURAK İMİRZALIOĞLU', 'İSTANBUL', '', '1', '1', '2.25', 'CAN ALTINEL', '', '11/04/2016', '11:00', '05364819614', 'EVET', 'HAYIR', '', '6208689268407', '1', '0', '');

-- --------------------------------------------------------

--
-- Table structure for table `final_status`
--

CREATE TABLE IF NOT EXISTS `final_status` (
  `id` int(6) NOT NULL,
  `column1` text NOT NULL,
  `column2` text NOT NULL,
  `column3` text NOT NULL,
  `column4` text NOT NULL,
  `column5` text NOT NULL,
  `column6` text NOT NULL,
  `column7` text NOT NULL,
  `column8` text NOT NULL,
  `column9` text NOT NULL,
  PRIMARY KEY (`id`)
) ENGINE=InnoDB DEFAULT CHARSET=utf8;

--
-- Dumping data for table `final_status`
--

INSERT INTO `final_status` (`id`, `column1`, `column2`, `column3`, `column4`, `column5`, `column6`, `column7`, `column8`, `column9`) VALUES
(140213, 'ORHANGAZİ', 'İADE', 'ORHANGAZİ', '08/04/2016 00:00:00', 'BEYMER', 'T2WTRADE KOZMETİK &amp;#220;R&amp;#220;NLERİ SAN. VE A.Ş.', '&amp;#220;G', 'T2WTRADE KOZMETİK &amp;#220;R&amp;#220;NLERİ SAN. VE A.Ş.', 'ORHANGAZİ ŞUBESİ  |   ORHANGAZİ / BURSA -  T&amp;#220;RKİYE'),
(251081, 'SİRKECİ', 'İADE', 'SİRKECİ', '08/04/2016 00:00:00', 'BEYMER', 'T2WTRADE KOZMETİK &amp;#220;R&amp;#220;NLERİ SAN. VE A.Ş.', '&amp;#220;G', 'T2WTRADE KOZMETİK &amp;#220;R&amp;#220;NLERİ SAN. VE A.Ş.', 'ARAS KARGO-SIRKECI  Kapi No:25 |   FATİH / İSTANBUL -  T&amp;#220;RKİYE'),
(293473, 'BEYMER', 'NORMAL', 'BEYMER', '08/04/2016 00:00:00', 'TERAZİDERE', 'T2WTRADE KOZMETİK &amp;#220;R&amp;#220;NLERİ SAN. VE A.Ş.', '&amp;#220;G', 'M&amp;#220;RTEZA &amp;#199;İFT&amp;#199;İ 35', 'ALTINTEPSİ Mah. KAZIM KARABEKİR Cd. VARDAR APT.  Kapi No:1 Daire No:1&amp;#160; |   BAYRAMPAŞA / İSTANBUL -  T&amp;#220;RKİYE'),
(293475, 'BEYMER', 'NORMAL', 'BEYMER', '08/04/2016 00:00:00', 'DEMOKRASİ', 'T2WTRADE KOZMETİK &amp;#220;R&amp;#220;NLERİ SAN. VE A.Ş.', '&amp;#220;G', 'MUHSİN &amp;#214;Z 35', 'ARAS KARGO-DEMOKRASI  Kapi No:1 |   MANAVGAT / ANTALYA -  T&amp;#220;RKİYE'),
(293476, 'BEYMER', 'NORMAL', 'BEYMER', '08/04/2016 00:00:00', 'EVREN', 'T2WTRADE KOZMETİK &amp;#220;R&amp;#220;NLERİ SAN. VE A.Ş.', '&amp;#220;G', 'FURKAN KARAKURT 35', 'ARAS KARGO-EVREN  Kapi No:1 |   BAĞCILAR / İSTANBUL -  T&amp;#220;RKİYE'),
(293477, 'BEYMER', 'NORMAL', 'BEYMER', '08/04/2016 00:00:00', 'GEYVE', 'T2WTRADE KOZMETİK &amp;#220;R&amp;#220;NLERİ SAN. VE A.Ş.', '&amp;#220;G', 'ABDULLAH AY&amp;#214;ZEN 35', 'ARAS KARGO-GEYVE  Kapi No:1 |   GEYVE / SAKARYA -  T&amp;#220;RKİYE'),
(293478, 'BEYMER', 'NORMAL', 'BEYMER', '08/04/2016 00:00:00', 'BEYKENT', 'T2WTRADE KOZMETİK &amp;#220;R&amp;#220;NLERİ SAN. VE A.Ş.', '&amp;#220;G', 'MUSTAFA G&amp;#220;LDEREN 35', 'ARAS KARGO-BEYKENT  Kapi No:1 |   BEYLİKD&amp;#220;Z&amp;#220; / İSTANBUL -  T&amp;#220;RKİYE'),
(293479, 'BEYMER', 'NORMAL', 'BEYMER', '08/04/2016 00:00:00', 'AYINTAP', 'T2WTRADE KOZMETİK &amp;#220;R&amp;#220;NLERİ SAN. VE A.Ş.', '&amp;#220;G', 'EROL &amp;#214;ZG&amp;#220;R 35', 'ARAS KARGO-AYINTAP  Kapi No:1 |   ŞEHİTKAMİL / GAZİANTEP -  T&amp;#220;RKİYE'),
(293480, 'BEYMER', 'NORMAL', 'BEYMER', '08/04/2016 00:00:00', 'BAŞİSKELE', 'T2WTRADE KOZMETİK &amp;#220;R&amp;#220;NLERİ SAN. VE A.Ş.', '&amp;#220;G', 'ERDAL YILMAZ 35', 'ARAS KARGO-BASISKELE  Kapi No:1 |   İZMİT / KOCAELİ -  T&amp;#220;RKİYE'),
(293481, 'BEYMER', 'NORMAL', 'BEYMER', '08/04/2016 00:00:00', 'MENEMEN', 'T2WTRADE KOZMETİK &amp;#220;R&amp;#220;NLERİ SAN. VE A.Ş.', '&amp;#220;G', 'HALİL İBRAHİM KOMŞU 35', 'ARAS KARGO-MENEMEN  Kapi No:1 |   MENEMEN / İZMİR -  T&amp;#220;RKİYE'),
(293482, 'BEYMER', 'NORMAL', 'BEYMER', '08/04/2016 00:00:00', '&amp;#214;DEMİŞ', 'T2WTRADE KOZMETİK &amp;#220;R&amp;#220;NLERİ SAN. VE A.Ş.', '&amp;#220;G', 'TAYFUN EMRE 35', 'ARAS KARGO-ODEMIS  Kapi No:1 |   &amp;#214;DEMİŞ / İZMİR -  T&amp;#220;RKİYE'),
(293483, 'BEYMER', 'NORMAL', 'BEYMER', '08/04/2016 00:00:00', 'DERİNCE', 'T2WTRADE KOZMETİK &amp;#220;R&amp;#220;NLERİ SAN. VE A.Ş.', '&amp;#220;G', 'ABDULLAH  &amp;#214;ZTUNC 35', 'ARAS KARGO-DERINCE  Kapi No:1 |   DERİNCE / KOCAELİ -  T&amp;#220;RKİYE'),
(293484, 'BEYMER', 'NORMAL', 'BEYMER', '08/04/2016 00:00:00', 'METRO', 'T2WTRADE KOZMETİK &amp;#220;R&amp;#220;NLERİ SAN. VE A.Ş.', '&amp;#220;G', 'EMİN ALTUNTAŞ 96', 'SANAYİ Mah. TEKNİK Sk.  Kapi No:4 |   KAĞITHANE / İSTANBUL -  T&amp;#220;RKİYE'),
(293486, 'BEYMER', 'Y&amp;#214;NLENDİRME', 'ALİPAŞA', '08/04/2016 00:00:00', 'G&amp;#220;NEBAKAN', 'T2WTRADE KOZMETİK &amp;#220;R&amp;#220;NLERİ SAN. VE A.Ş.', '&amp;#220;G', '&amp;#214;ZCAN YILMAZ 91', 'BELLONA TRAKYA MOBILYA CENTER  Kapi No:1 |   &amp;#199;ORLU / TEKİRDAĞ -  T&amp;#220;RKİYE'),
(293487, 'BEYMER', 'NORMAL', 'BEYMER', '08/04/2016 00:00:00', 'TRAKYA KURUMSAL', 'T2WTRADE KOZMETİK &amp;#220;R&amp;#220;NLERİ SAN. VE A.Ş.', '&amp;#220;G', 'RASUL İSMAİL 91', 'TOKI KAYABAŞI 10.B&amp;#214;LGE OPAL SITESI ADA 1 KAYABAŞI Mah.  Kapi No:1 |   BAŞAKŞEHİR / İSTANBUL -  T&amp;#220;RKİYE'),
(293488, 'BEYMER', 'NORMAL', 'BEYMER', '08/04/2016 00:00:00', 'KARAB&amp;#220;K', 'T2WTRADE KOZMETİK &amp;#220;R&amp;#220;NLERİ SAN. VE A.Ş.', '&amp;#220;G', 'G&amp;#220;NG&amp;#214;R BAŞOL 96', 'KARAB&amp;#220;K ŞUBESİ  |   MERKEZ / KARAB&amp;#220;K -  T&amp;#220;RKİYE'),
(293489, 'BEYMER', 'NORMAL', 'BEYMER', '08/04/2016 00:00:00', 'SİNCAN', 'T2WTRADE KOZMETİK &amp;#220;R&amp;#220;NLERİ SAN. VE A.Ş.', '&amp;#220;G', 'SAMET KO&amp;#199;AK 97', 'ARAS KARGO-SINCAN  Kapi No:1 |   SİNCAN / ANKARA -  T&amp;#220;RKİYE'),
(293491, 'BEYMER', 'NORMAL', 'BEYMER', '08/04/2016 00:00:00', 'ALTINŞEHİR', 'T2WTRADE KOZMETİK &amp;#220;R&amp;#220;NLERİ SAN. VE A.Ş.', '&amp;#220;G', 'NİHAT INARKA&amp;#199; 96', 'ARAS KARGO-ALTINSEHIR  Kapi No:1 |   K&amp;#220;&amp;#199;&amp;#220;K&amp;#199;EKMECE / İSTANBUL -  T&amp;#220;RKİYE'),
(293492, 'BEYMER', 'NORMAL', 'BEYMER', '08/04/2016 00:00:00', 'BİLECİK', 'T2WTRADE KOZMETİK &amp;#220;R&amp;#220;NLERİ SAN. VE A.Ş.', '&amp;#220;G', 'MESUT UNAL 96', 'BİLECİK ŞUBESİ  |   S&amp;#214;Ğ&amp;#220;T / BİLECİK -  T&amp;#220;RKİYE'),
(293493, 'BEYMER', 'NORMAL', 'BEYMER', '08/04/2016 00:00:00', 'METROPOL', 'T2WTRADE KOZMETİK &amp;#220;R&amp;#220;NLERİ SAN. VE A.Ş.', '&amp;#220;G', 'MEHMET ALİ &amp;#214;ZMEN 97', 'ARAS KARGO-METROPOL  Kapi No:1 |   AKDENİZ / MERSİN -  T&amp;#220;RKİYE'),
(293494, 'BEYMER', 'NORMAL', 'BEYMER', '08/04/2016 00:00:00', 'LAVİNYA', 'T2WTRADE KOZMETİK &amp;#220;R&amp;#220;NLERİ SAN. VE A.Ş.', '&amp;#220;G', 'BANU GEN&amp;#199;OĞLU 91', 'ARAS KARGO-LAVİNYA  Kapi No:1 |   BEYLİKD&amp;#220;Z&amp;#220; / İSTANBUL -  T&amp;#220;RKİYE'),
(293495, 'BEYMER', 'NORMAL', 'BEYMER', '08/04/2016 00:00:00', 'K&amp;#214;Yİ&amp;#199;İ', 'T2WTRADE KOZMETİK &amp;#220;R&amp;#220;NLERİ SAN. VE A.Ş.', '&amp;#220;G', 'VİORİCA GRAJDİAN 91', 'SOLAR KENT  Kapi No:1 |   ESENYURT / İSTANBUL -  T&amp;#220;RKİYE'),
(293496, 'BEYMER', 'Y&amp;#214;NLENDİRME', 'ŞEKERPINAR', '08/04/2016 00:00:00', 'TEPE&amp;#214;REN', 'T2WTRADE KOZMETİK &amp;#220;R&amp;#220;NLERİ SAN. VE A.Ş.', '&amp;#220;G', 'ALİ KAVUZKOS 35', 'ŞEKERPINAR Mah. ANADOLU OTOYOLU Cd.  Kapi No:1 |   &amp;#199;AYIROVA / KOCAELİ -  T&amp;#220;RKİYE'),
(293497, 'BEYMER', 'NORMAL', 'BEYMER', '08/04/2016 00:00:00', 'L&amp;#220;LEBURGAZ', 'T2WTRADE KOZMETİK &amp;#220;R&amp;#220;NLERİ SAN. VE A.Ş.', '&amp;#220;G', 'FERHAT SEVİN&amp;#199; 35', 'ARAS KARGO-LULEBURGAZ  Kapi No:1 |   L&amp;#220;LEBURGAZ / KIRKLARELİ -  T&amp;#220;RKİYE'),
(293499, 'BEYMER', 'NORMAL', 'BEYMER', '08/04/2016 00:00:00', 'MANOLYA', 'T2WTRADE KOZMETİK &amp;#220;R&amp;#220;NLERİ SAN. VE A.Ş.', '&amp;#220;G', 'BEHL&amp;#220;L KARAKAŞLİOĞLU 35', 'ARAS KARGO-MANOLYA  Kapi No:1 |   &amp;#199;AYIROVA / KOCAELİ -  T&amp;#220;RKİYE'),
(293500, 'BEYMER', 'NORMAL', 'BEYMER', '08/04/2016 00:00:00', 'K&amp;#214;Yİ&amp;#199;İ', 'T2WTRADE KOZMETİK &amp;#220;R&amp;#220;NLERİ SAN. VE A.Ş.', '&amp;#220;G', 'EMRAH DOĞAN 35', 'TASARIMCILAR İŞ MERKEZİ 1115 Sk.  Kapi No:2 |   ESENYURT / İSTANBUL -  T&amp;#220;RKİYE'),
(293501, 'BEYMER', 'NORMAL', 'BEYMER', '08/04/2016 00:00:00', 'DENİZK&amp;#214;ŞKLER', 'T2WTRADE KOZMETİK &amp;#220;R&amp;#220;NLERİ SAN. VE A.Ş.', '&amp;#220;G', 'B&amp;#220;LENT &amp;#199;ETİNKAYA 35', 'EVCIL İŞ HANI MERKEZ Mah. MARMARA Cd.  Kapi No:5/18 |   AVCILAR / İSTANBUL -  T&amp;#220;RKİYE'),
(293502, 'BEYMER', 'NORMAL', 'BEYMER', '08/04/2016 00:00:00', 'ALİBEYK&amp;#214;Y', 'T2WTRADE KOZMETİK &amp;#220;R&amp;#220;NLERİ SAN. VE A.Ş.', '&amp;#220;G', 'ERGİN ALGUR 35', 'ALİBEYK&amp;#214;Y Mah. GAZİ OSMAN PAŞA Cd.  Kapi No:1 |   EY&amp;#220;P / İSTANBUL -  T&amp;#220;RKİYE'),
(293503, 'BEYMER', 'NORMAL', 'BEYMER', '08/04/2016 00:00:00', '&amp;#199;AN', 'T2WTRADE KOZMETİK &amp;#220;R&amp;#220;NLERİ SAN. VE A.Ş.', '&amp;#220;G', 'MUZAFFER AKG&amp;#220;N 35', '|   YENİCE / &amp;#199;ANAKKALE -  T&amp;#220;RKİYE'),
(293504, 'BEYMER', 'NORMAL', 'BEYMER', '08/04/2016 00:00:00', 'GİRESUN', 'T2WTRADE KOZMETİK &amp;#220;R&amp;#220;NLERİ SAN. VE A.Ş.', '&amp;#220;G', 'OSMAN CİTAK 35', 'MERKEZ M&amp;#220;CAVİR Mah. ATAT&amp;#220;RK BULVARI Cd.  Kapi No:31 |   MERKEZ / GİRESUN -  T&amp;#220;RKİYE'),
(293505, 'BEYMER', 'NORMAL', 'BEYMER', '08/04/2016 00:00:00', 'ŞİRİNYALI', 'T2WTRADE KOZMETİK &amp;#220;R&amp;#220;NLERİ SAN. VE A.Ş.', '&amp;#220;G', 'SERKAN TAŞ 35', 'ARAS KARGO-SIRINYALI  Kapi No:1 |   MURATPAŞA / ANTALYA -  T&amp;#220;RKİYE'),
(293506, 'BEYMER', 'NORMAL', 'BEYMER', '08/04/2016 00:00:00', 'MANOLYA', 'T2WTRADE KOZMETİK &amp;#220;R&amp;#220;NLERİ SAN. VE A.Ş.', '&amp;#220;G', 'KASİM ERG&amp;#220;N 35', 'ARAS KARGO-MANOLYA  Kapi No:1 |   &amp;#199;AYIROVA / KOCAELİ -  T&amp;#220;RKİYE'),
(293507, 'BEYMER', 'NORMAL', 'BEYMER', '08/04/2016 00:00:00', 'PURSAKLAR', 'T2WTRADE KOZMETİK &amp;#220;R&amp;#220;NLERİ SAN. VE A.Ş.', '&amp;#220;G', 'İBRAHİM ATEŞ 35', 'ARAS KARGO-CUBUK  Kapi No:1 |   &amp;#199;UBUK / ANKARA -  T&amp;#220;RKİYE'),
(303117, 'KORUPARK', 'İADE', 'KORUPARK', '08/04/2016 00:00:00', 'BEYMER', 'T2WTRADE KOZMETİK &amp;#220;R&amp;#220;NLERİ SAN. VE A.Ş.', '&amp;#220;G', 'T2WTRADE KOZMETİK &amp;#220;R&amp;#220;NLERİ SAN. VE A.Ş.', 'ARAS KARGO-KORUPARK  Kapi No:25 |   OSMANGAZİ / BURSA -  T&amp;#220;RKİYE'),
(367703, 'MERZİFON', 'İADE', 'MERZİFON', '08/04/2016 00:00:00', 'BEYMER', 'T2WTRADE KOZMETİK &amp;#220;R&amp;#220;NLERİ SAN. VE A.Ş.', '&amp;#220;G', 'T2WTRADE KOZMETİK &amp;#220;R&amp;#220;NLERİ SAN. VE A.Ş.', 'ARAS KARGO-MERZIFON  Kapi No:25 |   MERZİFON / AMASYA -  T&amp;#220;RKİYE'),
(475476, 'DAMLATAŞ', 'İADE', 'DAMLATAŞ', '08/04/2016 00:00:00', 'BEYMER', 'T2WTRADE KOZMETİK &amp;#220;R&amp;#220;NLERİ SAN. VE A.Ş.', '&amp;#220;G', 'T2WTRADE KOZMETİK &amp;#220;R&amp;#220;NLERİ SAN. VE A.Ş.', 'DAMLA CAFE &amp;amp; EV YEMEKLERI YILDIZ Mah.  Kapi No:25 |   MURATPAŞA / ANTALYA -  T&amp;#220;RKİYE'),
(689268, 'BULANCAK', 'İADE', 'BULANCAK', '08/04/2016 00:00:00', 'BEYMER', 'T2WTRADE KOZMETİK &amp;#220;R&amp;#220;NLERİ SAN. VE A.Ş.', '&amp;#220;G', 'T2WTRADE KOZMETİK &amp;#220;R&amp;#220;NLERİ SAN. VE A.Ş.', 'İHSANİYE Mah. ŞEHİT AHMET  Sk.  Kapi No:130 |   BULANCAK / GİRESUN -  T&amp;#220;RKİYE');

-- --------------------------------------------------------

--
-- Table structure for table `waybill_info`
--

CREATE TABLE IF NOT EXISTS `waybill_info` (
  `id` int(6) NOT NULL,
  `column1` text NOT NULL,
  `column2` text NOT NULL,
  `column3` text NOT NULL,
  `column4` text NOT NULL,
  `column5` text NOT NULL,
  `column6` text NOT NULL,
  `column7` text NOT NULL,
  `column8` text NOT NULL,
  `column9` text NOT NULL,
  PRIMARY KEY (`id`)
) ENGINE=InnoDB DEFAULT CHARSET=utf8;

--
-- Dumping data for table `waybill_info`
--

INSERT INTO `waybill_info` (`id`, `column1`, `column2`, `column3`, `column4`, `column5`, `column6`, `column7`, `column8`, `column9`) VALUES
(140213, '1', 'Mİ', 'CAN ALTINEL', '1', '11:00', '1', 'TESLİM EDİLDİ', '3', '11/04/2016'),
(251081, '1', 'Mİ', 'CAN ALTINEL', '1', '11:00', '1', 'TESLİM EDİLDİ', '3', '11/04/2016'),
(293473, '1', 'Mİ', '', '1', '', '1', 'TESLİMAT ŞUBESİNDE', '0', ''),
(293475, '1', 'Mİ', 'MUHSİN', '1', '11:00', '1', 'TESLİM EDİLDİ', '0', '11/04/2016'),
(293476, '1', 'Mİ', '', '1', '', '1', 'TESLİMAT ŞUBESİNDE', '0', ''),
(293477, '1', 'Mİ', '', '1', '', '1', 'TESLİMAT ŞUBESİNDE', '0', ''),
(293478, '1', 'Mİ', '', '1', '', '1', 'TESLİMAT ŞUBESİNDE', '0', ''),
(293479, '1', 'Mİ', '', '1', '', '1', 'TESLİMAT ŞUBESİNDE', '0', ''),
(293480, '1', 'Mİ', '', '1', '', '1', 'TESLİMAT ŞUBESİNDE', '0', ''),
(293481, '1', 'Mİ', '', '1', '', '1', 'TESLİMAT ŞUBESİNDE', '0', ''),
(293482, '1', 'Mİ', 'TAYFUN EMRE', '1', '17:00', '1', 'TESLİM EDİLDİ', '0', '11/04/2016'),
(293483, '1', 'Mİ', '', '1', '', '1', 'TESLİMAT ŞUBESİNDE', '0', ''),
(293484, '1', 'Mİ', 'EMİN ALTUNTAS', '1', '10:55', '1', 'TESLİM EDİLDİ', '0', '09/04/2016'),
(293486, '1', 'Mİ', '', '1', '', '1', 'TESLİMAT ŞUBESİNDE', '0', ''),
(293487, '1', 'Mİ', 'RASUL İSMAİL', '1', '17:59', '1', 'TESLİM EDİLDİ', '0', '11/04/2016'),
(293488, '1', 'Mİ', 'G&amp;#220;NG&amp;#214;R', '1', '13:00', '1', 'TESLİM EDİLDİ', '0', '09/04/2016'),
(293489, '1', 'Mİ', '', '1', '', '1', 'TESLİMAT ŞUBESİNDE', '0', ''),
(293491, '1', 'Mİ', '', '1', '', '1', 'YOLDA', '0', ''),
(293492, '1', 'Mİ', '', '1', '', '1', 'TESLİMAT ŞUBESİNDE', '0', ''),
(293493, '1', 'Mİ', '', '1', '', '1', 'TESLİMAT ŞUBESİNDE', '0', ''),
(293494, '1', 'Mİ', 'BANU GEN&amp;#199;OĞLU', '1', '11:00', '1', 'TESLİM EDİLDİ', '0', '11/04/2016'),
(293495, '1', 'Mİ', 'VİCORİN AHFF', '1', '12:13', '1', 'TESLİM EDİLDİ', '0', '09/04/2016'),
(293496, '1', 'Mİ', '', '1', '', '1', 'YOLDA', '0', ''),
(293497, '1', 'Mİ', '', '1', '', '1', 'TESLİMAT ŞUBESİNDE', '0', ''),
(293499, '1', 'Mİ', '', '1', '', '1', 'TESLİMAT ŞUBESİNDE', '0', ''),
(293500, '1', 'Mİ', '', '1', '', '1', 'TESLİMAT ŞUBESİNDE', '0', ''),
(293501, '1', 'Mİ', 'YAVUZ SEDAT', '1', '09:50', '1', 'TESLİM EDİLDİ', '0', '11/04/2016'),
(293502, '1', 'Mİ', '', '1', '', '1', 'TESLİMAT ŞUBESİNDE', '0', ''),
(293503, '1', 'Mİ', '', '1', '', '1', 'TESLİMAT ŞUBESİNDE', '0', ''),
(293504, '1', 'Mİ', '', '1', '', '1', 'TESLİMAT ŞUBESİNDE', '0', ''),
(293505, '1', 'Mİ', '', '1', '', '1', 'TESLİMAT ŞUBESİNDE', '0', ''),
(293506, '1', 'Mİ', '', '1', '', '1', 'TESLİMAT ŞUBESİNDE', '0', ''),
(293507, '1', 'Mİ', 'İBRAHİM ATEŞ', '1', '11:00', '1', 'TESLİM EDİLDİ', '0', '11/04/2016'),
(303117, '1', 'Mİ', 'CAN ALTINEL', '1', '11:00', '1', 'TESLİM EDİLDİ', '3', '11/04/2016'),
(367703, '1', 'Mİ', 'CAN ALTINEL', '1', '11:00', '1', 'TESLİM EDİLDİ', '0', '11/04/2016'),
(475476, '1', 'Mİ', 'CAN ALTINEL', '1', '11:00', '1', 'TESLİM EDİLDİ', '3', '11/04/2016'),
(689268, '1', 'Mİ', 'CAN ALTINEL', '1', '11:00', '1', 'TESLİM EDİLDİ', '0', '11/04/2016');

/*!40101 SET CHARACTER_SET_CLIENT=@OLD_CHARACTER_SET_CLIENT */;
/*!40101 SET CHARACTER_SET_RESULTS=@OLD_CHARACTER_SET_RESULTS */;
/*!40101 SET COLLATION_CONNECTION=@OLD_COLLATION_CONNECTION */;
